id,question,baseline_answer,rag_answer,retrieved_context
triceps_cable,Can you recommend some triceps exercises that use a cable machine?,"To answer your question, I'd be happy to help. Here are some effective triceps exercises that you can do using a cable machine:

1. **Overhead Cable Extension**: Stand facing the cable machine with the cable at shoulder height. Hold the handle with both hands and extend your arms fully, then lower them back down.
2. **Cable Tricep Kickback**: Hold the handle with one hand and stand facing the cable machine. Bend your knees slightly and lean forward at the hips. Extend your arm backward, keeping it straight, then return to the starting position.
3. **Concentration Cable Extension**: Stand facing the cable machine with the cable at shoulder height. Hold the handle with both hands and extend your arms fully, then lower them back down.

When performing these exercises, make sure to:

* Use a weight that allows you to complete the desired number of repetitions with proper form.
* Keep your core muscles engaged to maintain stability.
* Focus on squeezing your triceps at the top of the movement.

It's always a good idea to consult with a healthcare professional or certified personal trainer before starting any new exercise program. They can provide personalized guidance and help you create a workout plan that suits your fitness level and goals.","Based on the retrieved exercise database entries, here are three triceps exercises that use a cable machine:

1. **Cable Straight-Bar Push-Down**: This is a popular gym exercise for targeting the triceps. It's usually performed for moderate to high reps.
2. **Overhead Triceps Extension - Gethin Variation**: This exercise targets the triceps and can be done using an overhead position with the cable.
3. **Triceps Overhead Extension with Rope - Gethin Variation**: Similar to the previous exercise, this one also targets the triceps in an overhead position with a rope attachment.

These exercises match your question by targeting the triceps muscles using a cable machine. Let me know if you'd like more information or have any further questions!","
Exercise: Cable Triceps Extension - Gethin Variation
Description: The cable rope push-down is a popular exercise targeting the triceps muscles. It's easy to learn and perform, making it a favorite for everyone from beginners to advanced lifters. It is usually performed for moderate to high reps, such as 8-12 reps or more per set, as part of an upper-body or arm-focused workout.The cable rope push-down is a popular exercise targeting the triceps muscles. It's easy to learn and perform, making it a favorite for everyone from beginners to advanced lifters. It is usually performed for moderate to high reps, such as 8-12 reps or more per set, as part of an upper-body or arm-focused workout.
Type: Strength
Body part: Triceps
Equipment: Cable
Difficulty level: Intermediate
Rating: 
Rating description: 



Exercise: Lying cable triceps extension
Description: The lying cable triceps extension is an isolation exercise performed lying on either a bench or the floor. This movement is usually performed for moderate to high reps for a burn and pump as part of an arm-focused workout.
Type: Strength
Body part: Triceps
Equipment: Cable
Difficulty level: Intermediate
Rating: 8.6
Rating description: Average



Exercise: Cable straight-bar push-down
Description: The cable straight-bar push-down is a popular gym exercise for targeting the triceps. It is usually performed for moderate to high reps, such as 8-12 reps or more per set, as part of an upper-body or arm-focused workout.
Type: Strength
Body part: Triceps
Equipment: Cable
Difficulty level: Intermediate
Rating: 
Rating description: 



Exercise: Cable Overhead Triceps Extension - Gethin Variation
Description: The overhead triceps extension is an isolation exercise that is performed with a cable. It is usually performed for moderate to high reps as part of the arm-focused portion of a workout.
Type: Strength
Body part: Triceps
Equipment: Cable
Difficulty level: Intermediate
Rating: 
Rating description: 



Exercise: Triceps Overhead Extension with Rope - Gethin Variation
Description: The overhead triceps extension is an isolation exercise that is performed with a cable. It is usually performed for moderate to high reps as part of the arm-focused portion of a workout.
Type: Strength
Body part: Triceps
Equipment: Cable
Difficulty level: Intermediate
Rating: 
Rating description: 
"
beginner_bodyweight_legs,Which bodyweight leg exercises would you suggest for a beginner?,"For beginners, I'd recommend starting with some compound exercises that work multiple muscle groups at once. Here are a few:

1. Squats: Works the quadriceps, hamstrings, glutes, and core.
2. Lunges: Targets the quadriceps, hamstrings, glutes, and hips.
3. Calf raises: Strengthens the calf muscles.

These exercises are great for building overall leg strength and endurance without putting too much strain on your joints. Remember to start with lighter weights and gradually increase the load as you become more comfortable with the movements!","Based on the retrieved exercise database entries, here are some effective bodyweight leg exercises suitable for beginners:

1. **Alternate Leg Diagonal Bound**: This exercise matches the question because it targets both legs with alternating movements, making it a great plyometric exercise to improve strength and coordination.
2. **Single Leg Push-off**: This exercise also matches the question as it involves single-leg movement and can help strengthen the quadriceps muscle.

Both of these exercises are beginner-friendly and don't require any equipment beyond your own body weight. They're perfect for building leg strength, improving coordination, and enhancing overall fitness.","
Exercise: Alternate Leg Diagonal Bound
Description: 
Type: Plyometrics
Body part: Quadriceps
Equipment: 
Difficulty level: Beginner
Rating: 6.9
Rating description: Average



Exercise: Single Leg Push-off
Description: 
Type: Plyometrics
Body part: Quadriceps
Equipment: Other
Difficulty level: Beginner
Rating: 9.2
Rating description: Average



Exercise: Holman Straight Plank with Alternating Leg Kick-Under
Description: 
Type: Strength
Body part: Abdominals
Equipment: Body Only
Difficulty level: Intermediate
Rating: 
Rating description: 



Exercise: Alternating Leg Swing
Description: 
Type: Stretching
Body part: Hamstrings
Equipment: Body Only
Difficulty level: Beginner
Rating: 0.0
Rating description: 



Exercise: Single-Leg Stride Jump
Description: 
Type: Plyometrics
Body part: Quadriceps
Equipment: Other
Difficulty level: Beginner
Rating: 0.0
Rating description: 
"
pullup_bar_back,What back exercises can I perform with a pull-up bar?,"To strengthen your back muscles and improve your overall posture, here are some effective exercises you can do using a pull-up bar:

1. **Pull-ups**: This is the most obvious exercise that targets your latissimus dorsi, trapezius, and rhomboids.
2. **Assisted Pull-ups**: If you're new to pulling exercises or have difficulty doing full pull-ups, try assisted pull-ups with the help of a resistance band or by using a bar to assist you.
3. **Inverted Rows**: Hold the pull-up bar over your chest and lift it up towards your shoulders, keeping your back straight. This exercise targets your trapezius and rhomboids.
4. **Scapular Squeeze**: Sit on the floor with your feet planted firmly on the ground and hold the pull-up bar behind you at shoulder height. Squeeze your scapulae (shoulder blades) together, holding for a few seconds before releasing.

Remember to always warm up before starting any exercise routine, and be sure to use proper form and technique to avoid injury. If you have any concerns or questions, it's always best to consult with a healthcare professional or certified fitness expert.","Based on the retrieved exercise database entries, here are some back exercises you can perform using a pull-up bar:


1. Pull-up


2. Barbell Back Squat (also known as TBS High-Bar Back Squat) - This is a compound movement that targets multiple muscle groups in the lower body.


3. Cable Pull-ups - These are an advanced version of traditional pull-ups, targeting the same muscles but with a more challenging angle and movement.","
Exercise: Upside-down pull-up
Description: The upside-down pull-up is an advanced bodyweight exercise that is normally performed on a pair of gymnastic rings. It involves pulling the body toward the ceiling in an inverted position. It targets the same muscles as traditional pull-ups, including the lats (latissimus dorsi), biceps, and core. However, the pulling angle is more akin to a bent-over row or upright row, depending on the angle of your hips.
Type: Strength
Body part: Middle Back
Equipment: Other
Difficulty level: Intermediate
Rating: 8.8
Rating description: Average



Exercise: UP Squat
Description: The barbell back squat is a popular compound movement that emphasizes building the lower-body muscle groups and overall strength. It's the classic way to start a leg day, and is a worthy centerpiece to a lower-body training program. The squat is a competitive lift in the sport of powerlifting, but is also a classic measurement of lower-body strength. With the barbell racked on the traps or upper back, the emphasis is placed on the posterior chain but the entire body gets worked. The back squat can be trained in everything from heavy singles to sets of 20 reps or higher.
Type: Strength
Body part: Quadriceps
Equipment: Barbell
Difficulty level: Intermediate
Rating: 
Rating description: 



Exercise: TBS High-Bar Back Squat
Description: The barbell back squat is a popular compound movement that emphasizes building the lower-body muscle groups and overall strength. It's the classic way to start a leg day, and is a worthy centerpiece to a lower-body training program. The squat is a competitive lift in the sport of powerlifting, but is also a classic measurement of lower-body strength. With the barbell racked on the traps or upper back, the emphasis is placed on the posterior chain but the entire body gets worked. The back squat can be trained in everything from heavy singles to sets of 20 reps or higher.
Type: Strength
Body part: Quadriceps
Equipment: Barbell
Difficulty level: Intermediate
Rating: 
Rating description: 



Exercise: Around-the-world pull-up
Description: The around-the-world pull-up is a more advanced version of the classic pull-up. It focuses stress more directly on the individual arms or sides of the back, while also boosting the time under tension at the top of each rep. It can be used as a progression toward a one-arm pull-up, or simply as a way to increase the challenge and variety of your pull-up training.
Type: Strength
Body part: Lats
Equipment: Other
Difficulty level: Beginner
Rating: 0.0
Rating description: 



Exercise: 30 Back Straight-Arm Bar Pull-Down
Description: 
Type: Strength
Body part: Middle Back
Equipment: Cable
Difficulty level: Intermediate
Rating: 
Rating description: 
"
biceps_barbell,Could you list some barbell exercises that are good for training the biceps?,"Here are some effective barbell exercises for training your biceps:

1. Bicep Curls: This is a classic exercise that targets the biceps. Hold a barbell with an underhand grip and curl the weight up towards your shoulders.
2. Preacher Curls: Similar to bicep curls, but done on a preacher curl bench instead of standing. This variation helps engage your upper chest and triceps.
3. Hammer Curls: Another isolation exercise that targets only the biceps, rather than the forearm muscles. Hold a barbell with an overhand grip and curl the weight up towards your shoulders.

I would recommend performing these exercises 2-3 sets of 8-12 reps to start with, depending on your fitness level and goals. It's also essential to focus on proper form and technique to avoid injury and get the most out of your workout.","Here's a list of barbell exercises that are effective for training the biceps:

1. **Barbell Curl**: This is one of the most recognizable and effective exercises for building sleeve-popping biceps.
2. **Biceps Curl to Shoulder Press**: A dumbbell complex that combines two exercises, but can be performed in succession with a focus on both biceps and shoulders.

Note: I've excluded exercises like Preacher Curl as they're not typically classified under the biceps muscle group.

As for difficulty levels:

* Barbell Curl is considered intermediate.
* Biceps Curl to Shoulder Press is considered beginner.","
Exercise: Paul Carter Barbell Curl
Description: The barbell curl is an arm exercise that is also one of the most recognizable movements in all of bodybuilding and fitness. It helps build sleeve-popping biceps and allows heavier loading than many other curl variations. It is usually performed in moderate to high reps, such as 8-12 reps per set, as part of the arm-focused portion of any workout.
Type: Strength
Body part: Biceps
Equipment: Barbell
Difficulty level: Intermediate
Rating: 
Rating description: 



Exercise: Barbell curl-
Description: The barbell curl is an arm exercise that is also one of the most recognizable movements in all of bodybuilding and fitness. It helps build sleeve-popping biceps and allows heavier loading than many other curl variations. It is usually performed in moderate to high reps, such as 8-12 reps per set, as part of the arm-focused portion of any workout.
Type: Strength
Body part: Biceps
Equipment: Barbell
Difficulty level: Intermediate
Rating: 
Rating description: 



Exercise: Preacher Curl
Description: The EZ-bar preacher curl is a classic exercise for building bigger biceps. This move is all about isolation. With the back of the upper arms against the pad, it’s next to impossible to cheat. Go light, get a great pump, and build that peak!
Type: Strength
Body part: Biceps
Equipment: Barbell
Difficulty level: Intermediate
Rating: 8.8
Rating description: Average



Exercise: Barbell Curl
Description: The barbell curl is an arm exercise that is also one of the most recognizable movements in all of bodybuilding and fitness. It helps build sleeve-popping biceps and allows heavier loading than many other curl variations. It is usually performed in moderate to high reps, such as 8-12 reps per set, as part of the arm-focused portion of any workout.
Type: Strength
Body part: Biceps
Equipment: Barbell
Difficulty level: Intermediate
Rating: 9.0
Rating description: Average



Exercise: Biceps curl to shoulder press
Description: The biceps curl to shoulder press is a dumbbell complex that combines two exercises that build and strengthen the biceps and shoulders or deltoids. It is usually performed one rep of each movement at a time, although you could perform more reps of each, or increase the reps in successive rounds (e.g., 1 rep in round 1, 2 reps in round 2, etc.). No matter how you structure the sets and reps, it is a time-efficient way to hit two crucial upper-body muscles in any workout.
Type: Strength
Body part: Biceps
Equipment: Dumbbell
Difficulty level: Beginner
Rating: 9.1
Rating description: Average
"
abs_ball,Can you suggest a few abdominal exercises using an exercise ball?,"Here are a few abdominal exercises you can do with an exercise ball:

1.  Crunches: Lie on your back with your knees bent and feet flat on the floor. Place your hands behind your head for support, then lift your shoulders off the ground, curling up towards your knees.
2.  Leg Raises: Sit on the edge of the exercise ball with your feet flat on the floor. Lift your legs straight up towards the ceiling, keeping them straight, and hold for a count of 3-5 seconds before lowering back down.

These exercises can help strengthen your core muscles and improve your posture. Always warm up before starting any new exercise routine and be sure to listen to your body if you have any concerns or injuries.","Based on the retrieved exercise database entries, here are some suggestions for abdominal exercises that can be performed using an exercise ball:


1. **Exercise Ball Crunch**: This is a classic exercise that targets the abdominals and obliques.
2. **Exercise Ball Cable Crunch - Gethin Variation** (same as your question): This variation adds cable equipment to increase range of motion and difficulty.
3. **AM Ball Crunch**: Similar to Exercise Ball Crunch, this variation can be used with an exercise ball for a low-rep contraction focus or high-rep focus.
4. **Exercise Ball Torso Rotation**: This exercise targets the rotational muscles of the core and glutes/gluteus maximus.

All these exercises are effective ways to engage your abdominal muscles using an exercise ball, making them suitable for targeting your core without heavy weights or intense cardio.","
Exercise: Exercise Ball Cable Crunch - Gethin Variation
Description: The exercise ball crunch is a popular gym exercise targeting the abdominals. Unlike crunches on the floor or a bench, by using a ball, you can increase the range of motion and both stretch and contract the abs on every rep. The ball crunch can be performed for low reps with a slower tempo, focusing on a hard contraction, or for higher reps.
Type: Strength
Body part: Abdominals
Equipment: Cable
Difficulty level: Intermediate
Rating: 
Rating description: 



Exercise: Exercise Ball Cable Crunch - Gethin Variation
Description: The exercise ball crunch is a popular gym exercise targeting the abdominals. Unlike crunches on the floor or a bench, by using a ball, you can increase the range of motion and both stretch and contract the abs on every rep. The ball crunch can be performed for low reps with a slower tempo, focusing on a hard contraction, or for higher reps.
Type: Strength
Body part: Abdominals
Equipment: Cable
Difficulty level: Intermediate
Rating: 
Rating description: 



Exercise: Exercise ball crunch
Description: The exercise ball crunch is a popular gym exercise targeting the abdominals. Unlike crunches on the floor or a bench, by using a ball you can increase the range of motion and both stretch and contract the abs on every rep. The ball crunch can be performed for low reps with a slower tempo focusing on a hard contraction, or for higher reps.
Type: Strength
Body part: Abdominals
Equipment: Exercise Ball
Difficulty level: Intermediate
Rating: 8.4
Rating description: Average



Exercise: AM Ball Crunch
Description: The exercise ball crunch is a popular gym exercise targeting the abdominals. Unlike crunches on the floor or a bench, by using a ball, you can increase the range of motion and both stretch and contract the abs on every rep. The ball crunch can be performed for low reps with a slower tempo, focusing on a hard contraction, or for higher reps.
Type: Strength
Body part: Abdominals
Equipment: Exercise Ball
Difficulty level: Intermediate
Rating: 
Rating description: 



Exercise: Exercise ball torso rotation
Description: The exercise ball torso rotation is a rotational abdominal exercise performed while holding a yoga or exercise ball between the hands. It focuses on the rotational muscles of the core, including the obliques, glutes, and hip muscles. It can be performed one side at a time or alternating, either for time or reps. To make it more difficult, wrap a light exercise band around the ball and anchor it to a solid object.
Type: Stretching
Body part: Abdominals
Equipment: Body Only
Difficulty level: Intermediate
Rating: 5.0
Rating description: Average
"
